use db_invent;
INSERT INTO category (id, code, description, name) VALUES
(1, 'C001', 'Electronics', 'Electronics'),
(2, 'C002', 'Furniture', 'Furniture'),
(3, 'C003', 'Clothing', 'Clothing'),
(4, 'C004', 'Toys', 'Toys'),
(5, 'C005', 'Books', 'Books'),
(6, 'C006', 'Kitchen', 'Kitchenware'),
(7, 'C007', 'Sports', 'Sports Equipment'),
(8, 'C008', 'Health', 'Health Products'),
(9, 'C009', 'Beauty', 'Beauty Products'),
(10, 'C010', 'Automotive', 'Automotive Parts'),
(11, 'C011', 'Gardening', 'Gardening Supplies'),
(12, 'C012', 'Pet Supplies', 'Pet Care'),
(13, 'C013', 'Office Supplies', 'Office Materials'),
(14, 'C014', 'Stationery', 'Stationery'),
(15, 'C015', 'Music', 'Music Instruments'),
(16, 'C016', 'Photography', 'Photography Equipment'),
(17, 'C017', 'Software', 'Software'),
(18, 'C018', 'Gaming', 'Video Games'),
(19, 'C019', 'Camping', 'Camping Gear'),
(20, 'C020', 'Jewelry', 'Jewelry');


INSERT INTO person (id, address, document_num, document_type, email, first_name, last_name, middle_name, phone, second_last_name) VALUES
(1, '123 Main St', '1234567890', 'ID', 'john.doe@example.com', 'John', 'Doe', 'Middle', '555-1234', 'Smith'),
(2, '456 Oak St', '0987654321', 'ID', 'jane.doe@example.com', 'Jane', 'Doe', 'Middle', '555-5678', 'Johnson'),
(3, '789 Pine St', '1122334455', 'Passport', 'alice.smith@example.com', 'Alice', 'Smith', 'Marie', '555-8765', 'Williams'),
(4, '101 Maple St', '6677889900', 'ID', 'bob.jones@example.com', 'Bob', 'Jones', 'Michael', '555-4321', 'Brown'),
(5, '202 Birch St', '2233445566', 'ID', 'mary.brown@example.com', 'Mary', 'Brown', 'Elizabeth', '555-6543', 'Davis'),
(6, '303 Cedar St', '3344556677', 'ID', 'lisa.white@example.com', 'Lisa', 'White', 'Ann', '555-9876', 'Miller'),
(7, '404 Elm St', '4455667788', 'ID', 'tom.wilson@example.com', 'Tom', 'Wilson', 'John', '555-1357', 'Taylor'),
(8, '505 Redwood St', '5566778899', 'ID', 'karen.taylor@example.com', 'Karen', 'Taylor', 'Lynn', '555-2468', 'Anderson'),
(9, '606 Fir St', '6677889900', 'ID', 'richard.moore@example.com', 'Richard', 'Moore', 'James', '555-3579', 'Thomas'),
(10, '707 Willow St', '7788990011', 'Passport', 'susan.martin@example.com', 'Susan', 'Martin', 'Marie', '555-4680', 'Jackson'),
(11, '808 Sequoia St', '8899001122', 'ID', 'kevin.jackson@example.com', 'Kevin', 'Jackson', 'Paul', '555-5791', 'White'),
(12, '909 Fir St', '9900112233', 'Passport', 'emily.lee@example.com', 'Emily', 'Lee', 'Grace', '555-6802', 'Harris'),
(13, '1000 Pine St', '1011121314', 'ID', 'david.garcia@example.com', 'David', 'Garcia', 'Antonio', '555-7913', 'Clark'),
(14, '1100 Maple Ave', '2022233344', 'Passport', 'jennifer.rodriguez@example.com', 'Jennifer', 'Rodriguez', 'Maria', '555-8924', 'Lewis'),
(15, '1200 Oak Blvd', '3132334455', 'ID', 'william.martinez@example.com', 'William', 'Martinez', 'Luis', '555-9035', 'Young'),
(16, '1300 Cedar Rd', '4142435566', 'Passport', 'barbara.davis@example.com', 'Barbara', 'Davis', 'Anne', '555-0146', 'Walker'),
(17, '1400 Birch Ln', '5152536677', 'ID', 'joseph.gonzalez@example.com', 'Joseph', 'Gonzalez', 'Carlos', '555-1257', 'Hall'),
(18, '1500 Elm Ct', '6162637788', 'ID', 'natalie.sanchez@example.com', 'Natalie', 'Sanchez', 'Louise', '555-2368', 'Allen'),
(19, '1600 Redwood Dr', '7172738899', 'Passport', 'gregory.king@example.com', 'Gregory', 'King', 'Alan', '555-3479', 'Scott'),
(20, '1700 Sequoia Rd', '8182839900', 'ID', 'patricia.wright@example.com', 'Patricia', 'Wright', 'Rose', '555-4580', 'Adams');


INSERT INTO payment_method (id, code, name) VALUES
(1, 'PM001', 'Cash'),
(2, 'PM002', 'Credit Card'),
(3, 'PM003', 'Debit Card'),
(4, 'PM004', 'Bank Transfer'),
(5, 'PM005', 'PayPal'),
(6, 'PM006', 'Apple Pay'),
(7, 'PM007', 'Google Pay'),
(8, 'PM008', 'Cryptocurrency'),
(9, 'PM009', 'Cheque'),
(10, 'PM010', 'Wire Transfer'),
(11, 'PM011', 'Gift Card'),
(12, 'PM012', 'Voucher'),
(13, 'PM013', 'Cash on Delivery'),
(14, 'PM014', 'Direct Debit'),
(15, 'PM015', 'E-wallet'),
(16, 'PM016', 'Mobile Payment'),
(17, 'PM017', 'Bank Draft'),
(18, 'PM018', 'Cashier\'s Check'),
(19, 'PM019', 'Money Order'),
(20, 'PM020', 'Installments');


INSERT INTO company (id, address, email, name, phone, manager_id) VALUES
(1, '123 Business Rd', 'contact@company1.com', 'Company One', '555-1000', 1),
(2, '456 Commerce St', 'info@company2.com', 'Company Two', '555-2000', 2),
(3, '789 Industrial Blvd', 'support@company3.com', 'Company Three', '555-3000', 3),
(4, '101 Corporate Dr', 'sales@company4.com', 'Company Four', '555-4000', 4),
(5, '202 Trade Ln', 'service@company5.com', 'Company Five', '555-5000', 5),
(6, '303 Market St', 'contact@company6.com', 'Company Six', '555-6000', 6),
(7, '404 Enterprise Ave', 'info@company7.com', 'Company Seven', '555-7000', 7),
(8, '505 Plaza Dr', 'support@company8.com', 'Company Eight', '555-8000', 8),
(9, '606 Business Blvd', 'contact@company9.com', 'Company Nine', '555-9000', 9),
(10, '707 Office Pkwy', 'info@company10.com', 'Company Ten', '555-1001', 10),
(11, '808 Corporate Blvd', 'service@company11.com', 'Company Eleven', '555-2001', 11),
(12, '909 Trade Pkwy', 'contact@company12.com', 'Company Twelve', '555-3001', 12),
(13, '1000 Plaza Rd', 'info@company13.com', 'Company Thirteen', '555-4001', 13),
(14, '1100 Park Ln', 'support@company14.com', 'Company Fourteen', '555-5001', 14),
(15, '1200 Market Ave', 'contact@company15.com', 'Company Fifteen', '555-6001', 15),
(16, '1300 Commerce Blvd', 'service@company16.com', 'Company Sixteen', '555-7001', 16),
(17, '1400 Industrial Rd', 'info@company17.com', 'Company Seventeen', '555-8001', 17),
(18, '1500 Trade Blvd', 'support@company18.com', 'Company Eighteen', '555-9001', 18),
(19, '1600 Enterprise Pkwy', 'contact@company19.com', 'Company Nineteen', '555-1002', 19),
(20, '1700 Office Rd', 'info@company20.com', 'Company Twenty', '555-2002', 20);


INSERT INTO branch (id, address, email, name, phone, company_id, responsible_id) VALUES
(1, '123 Branch St', 'branch1@company1.com', 'Branch One', '555-1111', 1, 1),
(2, '456 Branch Rd', 'branch2@company2.com', 'Branch Two', '555-2222', 2, 2),
(3, '789 Branch Blvd', 'branch3@company3.com', 'Branch Three', '555-3333', 3, 3),
(4, '101 Branch Ave', 'branch4@company4.com', 'Branch Four', '555-4444', 4, 4),
(5, '202 Branch Ln', 'branch5@company5.com', 'Branch Five', '555-5555', 5, 5),
(6, '303 Branch Dr', 'branch6@company6.com', 'Branch Six', '555-6666', 6, 6),
(7, '404 Branch Pkwy', 'branch7@company7.com', 'Branch Seven', '555-7777', 7, 7),
(8, '505 Branch Ct', 'branch8@company8.com', 'Branch Eight', '555-8888', 8, 8),
(9, '606 Branch Rd', 'branch9@company9.com', 'Branch Nine', '555-9999', 9, 9),
(10, '707 Branch Blvd', 'branch10@company10.com', 'Branch Ten', '555-0000', 10, 10),
(11, '808 Branch St', 'branch11@company11.com', 'Branch Eleven', '555-1112', 11, 11),
(12, '909 Branch Rd', 'branch12@company12.com', 'Branch Twelve', '555-2223', 12, 12),
(13, '1000 Branch Ln', 'branch13@company13.com', 'Branch Thirteen', '555-3334', 13, 13),
(14, '1100 Branch Ave', 'branch14@company14.com', 'Branch Fourteen', '555-4445', 14, 14),
(15, '1200 Branch Pkwy', 'branch15@company15.com', 'Branch Fifteen', '555-5556', 15, 15),
(16, '1300 Branch Dr', 'branch16@company16.com', 'Branch Sixteen', '555-6667', 16, 16),
(17, '1400 Branch Ct', 'branch17@company17.com', 'Branch Seventeen', '555-7778', 17, 17),
(18, '1500 Branch Rd', 'branch18@company18.com', 'Branch Eighteen', '555-8889', 18, 18),
(19, '1600 Branch Blvd', 'branch19@company19.com', 'Branch Nineteen', '555-9990', 19, 19),
(20, '1700 Branch St', 'branch20@company20.com', 'Branch Twenty', '555-0001', 20, 20);


INSERT INTO product (id, code, description, name, category_id) VALUES
(1, 'P001', 'Smartphone with 128GB storage', 'Smartphone', 1),
(2, 'P002', 'Wooden Dining Table', 'Dining Table', 2),
(3, 'P003', 'Leather Jacket for Men', 'Leather Jacket', 3),
(4, 'P004', 'Teddy Bear for Kids', 'Teddy Bear', 4),
(5, 'P005', 'Fiction Novel - The Great Adventure', 'Novel', 5),
(6, 'P006', 'Stainless Steel Cookware Set', 'Cookware Set', 6),
(7, 'P007', 'Football Soccer Ball', 'Football', 7),
(8, 'P008', 'Vitamins for Adults', 'Multivitamins', 8),
(9, 'P009', 'Face Cream for Women', 'Face Cream', 9),
(10, 'P010', 'Car Engine Oil', 'Engine Oil', 10),
(11, 'P011', 'Garden Tool Set', 'Garden Tools', 11),
(12, 'P012', 'Dog Food Pack', 'Dog Food', 12),
(13, 'P013', 'Office Chair Ergonomic', 'Office Chair', 13),
(14, 'P014', 'Pen Set for Writing', 'Pen Set', 14),
(15, 'P015', 'Guitar Electric with Amp', 'Electric Guitar', 15),
(16, 'P016', 'Camera DSLR with Lens', 'DSLR Camera', 16),
(17, 'P017', 'Software for Data Analysis', 'Data Analysis Software', 17),
(18, 'P018', 'Video Game Console', 'Game Console', 18),
(19, 'P019', 'Camping Tent for 4 People', 'Camping Tent', 19),
(20, 'P020', 'Diamond Necklace', 'Necklace', 20);


INSERT INTO inventory (id, date, purchase_value, sale_value, stock, branch_id, product_id) VALUES
(1, '2024-11-01', 100.00, 150.00, 30, 1, 1),
(2, '2024-11-02', 200.00, 300.00, 20, 2, 2),
(3, '2024-11-03', 50.00, 75.00, 50, 3, 3),
(4, '2024-11-04', 25.00, 40.00, 40, 4, 4),
(5, '2024-11-05', 15.00, 25.00, 60, 5, 5),
(6, '2024-11-06', 75.00, 120.00, 35, 6, 6),
(7, '2024-11-07', 30.00, 50.00, 25, 7, 7),
(8, '2024-11-08', 12.00, 20.00, 45, 8, 8),
(9, '2024-11-09', 18.00, 30.00, 70, 9, 9),
(10, '2024-11-10', 80.00, 130.00, 30, 10, 10),
(11, '2024-11-11', 40.00, 60.00, 15, 11, 11),
(12, '2024-11-12', 25.00, 40.00, 50, 12, 12),
(13, '2024-11-13', 10.00, 15.00, 80, 13, 13),
(14, '2024-11-14', 60.00, 90.00, 45, 14, 14),
(15, '2024-11-15', 35.00, 50.00, 65, 15, 15),
(16, '2024-11-16', 22.00, 35.00, 50, 16, 16),
(17, '2024-11-17', 50.00, 75.00, 30, 17, 17),
(18, '2024-11-18', 70.00, 100.00, 20, 18, 18),
(19, '2024-11-19', 100.00, 150.00, 10, 19, 19),
(20, '2024-11-20', 150.00, 200.00, 25, 20, 20);


INSERT INTO invoice (id, date, discount_value, gross_value, net_value, paym_method_id, client_id) VALUES
(1, '2024-11-01', 5.00, 100.00, 95.00, 1, 1),
(2, '2024-11-02', 10.00, 200.00, 190.00, 2, 2),
(3, '2024-11-03', 2.00, 50.00, 48.00, 3, 3),
(4, '2024-11-04', 1.00, 25.00, 24.00, 4, 4),
(5, '2024-11-05', 3.00, 15.00, 12.00, 5, 5),
(6, '2024-11-06', 7.00, 75.00, 68.00, 6, 6),
(7, '2024-11-07', 0.00, 30.00, 30.00, 7, 7),
(8, '2024-11-08', 4.00, 12.00, 8.00, 8, 8),
(9, '2024-11-09', 5.00, 18.00, 13.00, 9, 9),
(10, '2024-11-10', 10.00, 80.00, 70.00, 10, 10),
(11, '2024-11-11', 0.00, 40.00, 40.00, 11, 11),
(12, '2024-11-12', 8.00, 25.00, 17.00, 12, 12),
(13, '2024-11-13', 6.00, 10.00, 4.00, 13, 13),
(14, '2024-11-14', 12.00, 60.00, 48.00, 14, 14),
(15, '2024-11-15', 3.00, 35.00, 32.00, 15, 15),
(16, '2024-11-16', 4.00, 22.00, 18.00, 16, 16),
(17, '2024-11-17', 0.00, 50.00, 50.00, 17, 17),
(18, '2024-11-18', 5.00, 70.00, 65.00, 18, 18),
(19, '2024-11-19', 6.00, 100.00, 94.00, 19, 19),
(20, '2024-11-20', 2.00, 150.00, 148.00, 20, 20);


INSERT INTO user (id, password, username, person_id) VALUES
(1, 'password123', 'johndoe', 1),
(2, 'password456', 'janedoe', 2),
(3, 'password789', 'marysmith', 3),
(4, 'password101', 'johnsmith', 4),
(5, 'password102', 'alicejones', 5),
(6, 'password103', 'bobjohnson', 6),
(7, 'password104', 'charlesmartin', 7),
(8, 'password105', 'davidlee', 8),
(9, 'password106', 'emilyscott', 9),
(10, 'password107', 'georgeharris', 10),
(11, 'password108', 'hannahbrown', 11),
(12, 'password109', 'ivanwilliams', 12),
(13, 'password110', 'jessicalee', 13),
(14, 'password111', 'karenthomas', 14),
(15, 'password112', 'lauramartinez', 15),
(16, 'password113', 'martingonzalez', 16),
(17, 'password114', 'natalieclark', 17),
(18, 'password115', 'oliviarodriguez', 18),
(19, 'password116', 'peterturner', 19),
(20, 'password117', 'sophiahall', 20);


INSERT INTO role (id, code, description, name) VALUES
(1, 'admin', 'Administrator role with all permissions', 'Administrator'),
(2, 'manager', 'Manager role with management permissions', 'Manager'),
(3, 'sales', 'Sales role with sales permissions', 'Salesperson'),
(4, 'support', 'Support role with customer support permissions', 'Support'),
(5, 'finance', 'Finance role with financial permissions', 'Financial Officer'),
(6, 'developer', 'Developer role with software development permissions', 'Developer'),
(7, 'hr', 'HR role with human resources permissions', 'Human Resources'),
(8, 'it', 'IT role with technical support permissions', 'IT Support'),
(9, 'marketing', 'Marketing role with marketing permissions', 'Marketing'),
(10, 'logistics', 'Logistics role with logistics permissions', 'Logistics'),
(11, 'sales_manager', 'Sales Manager role with sales management permissions', 'Sales Manager'),
(12, 'content_creator', 'Content Creator role with content creation permissions', 'Content Creator'),
(13, 'data_analyst', 'Data Analyst role with data analysis permissions', 'Data Analyst'),
(14, 'quality_assurance', 'Quality Assurance role with QA permissions', 'Quality Assurance'),
(15, 'social_media', 'Social Media role with social media management permissions', 'Social Media Manager'),
(16, 'seo', 'SEO role with search engine optimization permissions', 'SEO Specialist'),
(17, 'developer_lead', 'Developer Lead role with development team leadership permissions', 'Developer Lead'),
(18, 'ux_ui', 'UX/UI role with user experience and interface design permissions', 'UX/UI Designer'),
(19, 'product_manager', 'Product Manager role with product management permissions', 'Product Manager'),
(20, 'legal', 'Legal role with legal permissions', 'Legal Advisor');


INSERT INTO user_role (id, role_id, user_id) VALUES
(1, 1, 1),
(2, 2, 2),
(3, 3, 3),
(4, 4, 4),
(5, 5, 5),
(6, 6, 6),
(7, 7, 7),
(8, 8, 8),
(9, 9, 9),
(10, 10, 10),
(11, 11, 11),
(12, 12, 12),
(13, 13, 13),
(14, 14, 14),
(15, 15, 15),
(16, 16, 16),
(17, 17, 17),
(18, 18, 18),
(19, 19, 19),
(20, 20, 20);


INSERT INTO module_view (id, module_id, view_id) VALUES
(1, 1, 1),
(2, 2, 2),
(3, 3, 3),
(4, 4, 4),
(5, 5, 5),
(6, 6, 6),
(7, 7, 7),
(8, 8, 8),
(9, 9, 9),
(10, 10, 10),
(11, 11, 11),
(12, 12, 12),
(13, 13, 13),
(14, 14, 14),
(15, 15, 15),
(16, 16, 16),
(17, 17, 17),
(18, 18, 18),
(19, 19, 19),
(20, 20, 20);


INSERT INTO role_module (id, role_id, module_id) VALUES
(1, 1, 1),
(2, 1, 2),
(3, 1, 3),
(4, 1, 4),
(5, 1, 5),
(6, 2, 6),
(7, 2, 7),
(8, 2, 8),
(9, 2, 9),
(10, 3, 10),
(11, 4, 11),
(12, 5, 12),
(13, 6, 13),
(14, 7, 14),
(15, 8, 15),
(16, 9, 16),
(17, 10, 17),
(18, 11, 18),
(19, 12, 19),
(20, 13, 20);


INSERT INTO view (id, code, description, name, path) VALUES
(1, 'home', 'Home view', 'Home', '/home'),
(2, 'dashboard', 'Dashboard view', 'Dashboard', '/dashboard'),
(3, 'settings', 'Settings view', 'Settings', '/settings'),
(4, 'profile', 'Profile view', 'Profile', '/profile'),
(5, 'reports', 'Reports view', 'Reports', '/reports'),
(6, 'invoices', 'Invoices view', 'Invoices', '/invoices'),
(7, 'products', 'Products view', 'Products', '/products'),
(8, 'orders', 'Orders view', 'Orders', '/orders'),
(9, 'payments', 'Payments view', 'Payments', '/payments'),
(10, 'inventory', 'Inventory view', 'Inventory', '/inventory'),
(11, 'users', 'Users view', 'Users', '/users'),
(12, 'sales', 'Sales view', 'Sales', '/sales'),
(13, 'support', 'Support view', 'Support', '/support'),
(14, 'help', 'Help view', 'Help', '/help'),
(15, 'analytics', 'Analytics view', 'Analytics', '/analytics'),
(16, 'notifications', 'Notifications view', 'Notifications', '/notifications'),
(17, 'messages', 'Messages view', 'Messages', '/messages'),
(18, 'finance', 'Finance view', 'Finance', '/finance'),
(19, 'marketing', 'Marketing view', 'Marketing', '/marketing'),
(20, 'projects', 'Projects view', 'Projects', '/projects');


INSERT INTO module (id, code, description, name, path) VALUES
(1, 'module1', 'Module for managing home page', 'Home Module', '/home_module'),
(2, 'module2', 'Module for managing dashboard', 'Dashboard Module', '/dashboard_module'),
(3, 'module3', 'Module for managing settings', 'Settings Module', '/settings_module'),
(4, 'module4', 'Module for managing user profiles', 'Profile Module', '/profile_module'),
(5, 'module5', 'Module for managing reports', 'Reports Module', '/reports_module'),
(6, 'module6', 'Module for managing invoices', 'Invoices Module', '/invoices_module'),
(7, 'module7', 'Module for managing products', 'Products Module', '/products_module'),
(8, 'module8', 'Module for managing orders', 'Orders Module', '/orders_module'),
(9, 'module9', 'Module for managing payments', 'Payments Module', '/payments_module'),
(10, 'module10', 'Module for managing inventory', 'Inventory Module', '/inventory_module'),
(11, 'module11', 'Module for managing users', 'Users Module', '/users_module'),
(12, 'module12', 'Module for managing sales', 'Sales Module', '/sales_module'),
(13, 'module13', 'Module for managing support', 'Support Module', '/support_module'),
(14, 'module14', 'Module for managing help', 'Help Module', '/help_module'),
(15, 'module15', 'Module for managing analytics', 'Analytics Module', '/analytics_module'),
(16, 'module16', 'Module for managing notifications', 'Notifications Module', '/notifications_module'),
(17, 'module17', 'Module for managing messages', 'Messages Module', '/messages_module'),
(18, 'module18', 'Module for managing finance', 'Finance Module', '/finance_module'),
(19, 'module19', 'Module for managing marketing', 'Marketing Module', '/marketing_module'),
(20, 'module20', 'Module for managing projects', 'Projects Module', '/projects_module');


INSERT INTO module_view (id, module_id, view_id) VALUES
(1, 1, 1),
(2, 1, 2),
(3, 2, 3),
(4, 3, 4),
(5, 4, 5),
(6, 5, 6),
(7, 6, 7),
(8, 7, 8),
(9, 8, 9),
(10, 9, 10),
(11, 10, 11),
(12, 11, 12),
(13, 12, 13),
(14, 13, 14),
(15, 14, 15),
(16, 15, 16),
(17, 16, 17),
(18, 17, 18),
(19, 18, 19),
(20, 19, 20);


INSERT INTO invoice_detail (id, discount_percentage, gross_value, net_value, quantity, product_id, invoice_id) VALUES
(1, 10.0, 100.00, 90.00, 2, 1, 1),
(2, 15.0, 150.00, 127.50, 3, 2, 1),
(3, 5.0, 200.00, 190.00, 4, 3, 2),
(4, 20.0, 120.00, 96.00, 5, 4, 2),
(5, 0.0, 50.00, 50.00, 1, 5, 3),
(6, 8.0, 80.00, 73.60, 6, 6, 3),
(7, 12.0, 300.00, 264.00, 7, 7, 4),
(8, 18.0, 180.00, 147.60, 8, 8, 4),
(9, 10.0, 250.00, 225.00, 9, 9, 5),
(10, 5.0, 500.00, 475.00, 10, 10, 5),
(11, 25.0, 450.00, 337.50, 11, 11, 6),
(12, 0.0, 120.00, 120.00, 12, 12, 6),
(13, 7.5, 350.00, 323.75, 13, 13, 7),
(14, 15.0, 400.00, 340.00, 14, 14, 7),
(15, 10.0, 600.00, 540.00, 15, 15, 8),
(16, 12.0, 700.00, 616.00, 16, 16, 8),
(17, 6.0, 800.00, 752.00, 17, 17, 9),
(18, 14.0, 900.00, 774.00, 18, 18, 9),
(19, 0.0, 1000.00, 1000.00, 19, 19, 10),
(20, 10.0, 1200.00, 1080.00, 20, 20, 10);
